cMHCIEnEr,cMHCIEnPm,cMHCIEnRabA,cMHCIEnRabB,cMHCIEnRabC,cMHCIEnRabD,cMHCIEnRabE,cMHCIEnRabF,cMHCIEnRabG,cMHCIEnRabH,cMHCIEnRabI,exCxEnEr,exCxEnPm,exCxEnRabA,exCxEnRabB,exCxEnRabC,exCxEnRabD,exCxEnRabE,exCxEnRabF,exCxEnRabG,exCxEnRabH,exCxEnRabI,imCxEnEr,imCxEnPm,imCxEnRabA,imCxEnRabB,imCxEnRabC,imCxEnRabD,imCxEnRabE,imCxEnRabF,imCxEnRabG,imCxEnRabH,imCxEnRabI,membraneMarkerEr,membraneMarkerPm,membraneMarkerRabA,membraneMarkerRabB,membraneMarkerRabC,membraneMarkerRabD,membraneMarkerRabE,membraneMarkerRabF,membraneMarkerRabG,membraneMarkerRabH,membraneMarkerRabI,mvbEr,mvbPm,mvbRabA,mvbRabB,mvbRabC,mvbRabD,mvbRabE,mvbRabF,mvbRabG,mvbRabH,mvbRabI,oMHCIEnEr,oMHCIEnPm,oMHCIEnRabA,oMHCIEnRabB,oMHCIEnRabC,oMHCIEnRabD,oMHCIEnRabE,oMHCIEnRabF,oMHCIEnRabG,oMHCIEnRabH,oMHCIEnRabI,ovaCyCy,ovaEnEr,ovaEnPm,ovaEnRabA,ovaEnRabB,ovaEnRabC,ovaEnRabD,ovaEnRabE,ovaEnRabF,ovaEnRabG,ovaEnRabH,ovaEnRabI,pepCyCy,pepEnEr,pepEnPm,pepEnRabA,pepEnRabB,pepEnRabC,pepEnRabD,pepEnRabE,pepEnRabF,pepEnRabG,pepEnRabH,pepEnRabI,pepMHCIEnEr,pepMHCIEnPm,pepMHCIEnRabA,pepMHCIEnRabB,pepMHCIEnRabC,pepMHCIEnRabD,pepMHCIEnRabE,pepMHCIEnRabF,pepMHCIEnRabG,pepMHCIEnRabH,pepMHCIEnRabI,protonCyCy,protonEnEr,protonEnPm,protonEnRabA,protonEnRabB,protonEnRabC,protonEnRabD,protonEnRabE,protonEnRabF,protonEnRabG,protonEnRabH,protonEnRabI,R-TfaEnEr,R-TfaEnPm,R-TfaEnRabA,R-TfaEnRabB,R-TfaEnRabC,R-TfaEnRabD,R-TfaEnRabE,R-TfaEnRabF,R-TfaEnRabG,R-TfaEnRabH,R-TfaEnRabI,R-TfEnPm,REnEr,REnPm,REnRabA,REnRabB,REnRabC,REnRabD,REnRabE,REnRabF,REnRabG,REnRabH,REnRabI,solubleMarkerEr,solubleMarkerPm,solubleMarkerRabA,solubleMarkerRabB,solubleMarkerRabC,solubleMarkerRabD,solubleMarkerRabE,solubleMarkerRabF,solubleMarkerRabG,solubleMarkerRabH,solubleMarkerRabI,TfaEnEr,TfaEnPm,TfaEnRabA,TfaEnRabB,TfaEnRabC,TfaEnRabD,TfaEnRabE,TfaEnRabF,TfaEnRabG,TfaEnRabH,TfaEnRabI,
0.0,0.0,373.2,693.8,324.0,7.087,30.76,39.53,36.31,50.96,59.21,0.0,0.0,0.7634,9.818,8.214,2.684,7.274,16.77,15.59,34.38,26.1,0.0,0.0,0.7634,9.818,8.214,2.684,7.274,16.77,15.59,34.38,26.1,0.0,0.0,0.0,0.0,0.0,0.0,0.0,0.0,0.0,0.0,0.0,0.0,0.0,27.1,10.69,7.076,335.4,3.172,2.85,3.602,3.247,4.875,0.0,0.0,21.98,26.86,234.0,128.2,0.4818,0.6876,1.126,0.8766,1.183,0.0,0.0,4.7999999999999994E8,0.0,0.0,0.0,0.0,0.0,0.0,0.0,0.0,0.0,0.0,0.0,0.0,0.0,0.0,0.0,0.0,0.0,0.0,0.0,0.0,0.0,0.0,0.0,0.0,0.0,0.0,0.0,0.0,0.0,0.0,0.0,0.0,1.0E-4,0.0,191000.0,50270.0,19290.0,19350.0,988100.0,10070.0,13140.0,8063.0,10610.0,11150.0,0.0,0.0,6.594E-34,2.914E-33,1.097E-33,4.685E-34,1.439E-33,1.8240000000000002E-32,2.217E-34,9.135E-33,5.166E-34,0.01,0.0,0.0,28.39,75.38,29.26,3.96,2.009,3.882,3.645,4.98,5.912,0.0,0.0,1.0,0.0,0.0,0.0,0.0,0.0,0.0,0.0,0.0,0.0,1.0E-5,9.161,4.927,2.016,12.98,1.073,0.7809,0.2136,0.489,0.2288,
0.0,11.75,379.2,696.5,345.9,5.785,30.76,39.57,36.31,50.98,59.21,0.0,0.07685,0.8035,9.814,8.079,2.648,7.274,16.77,15.59,34.38,26.1,0.0,0.07685,0.8035,9.814,8.079,2.648,7.274,16.77,15.59,34.38,26.1,0.0,0.0,0.0,0.0,0.0,0.0,0.0,0.0,0.0,0.0,0.0,0.0,0.0,29.99,10.75,6.994,331.7,3.16,2.814,3.557,3.21,4.827,0.0,1.202E-7,19.26,19.58,200.6,126.0,0.4684,0.6355,1.101,0.8417,1.161,0.0,0.0,4.7999999999999994E8,0.0,0.0,0.0,0.0,0.0,0.0,0.0,0.0,0.0,0.0,0.0,0.0,0.0,0.0,0.0,0.0,0.0,0.0,0.0,0.0,0.0,0.0,0.0,0.0,0.0,0.0,0.0,0.0,0.0,0.0,0.0,0.0,1.0E-4,0.0,191000.0,83950.0,18080.0,17130.0,920700.0,9580.0,12250.0,7524.0,9937.0,10480.0,0.0,6.797E-9,6.6720000000000005E-34,2.884E-33,1.0799999999999999E-33,4.62E-34,1.423E-33,1.8240000000000002E-32,2.2140000000000002E-34,9.133999999999999E-33,5.1630000000000005E-34,0.01,0.0,0.9231,28.67,74.84,28.55,3.781,2.009,3.881,3.645,4.979,5.912,0.0,0.0,1.0,0.0,0.0,0.0,0.0,0.0,0.0,0.0,0.0,0.0,0.154,9.094,4.895,1.965,12.98,1.073,0.781,0.2138,0.4891,0.229,
0.0,11.8,371.6,688.1,363.7,1.468,30.73,39.58,36.31,49.37,58.81,0.0,0.09406,0.8011,14.56,8.6,2.648,7.259,16.77,15.59,30.17,25.05,0.0,0.09406,0.8011,14.56,8.6,2.648,7.259,16.77,15.59,30.17,25.05,0.0,0.0,0.0,0.0,0.0,0.0,0.0,0.0,0.0,0.0,0.0,0.0,0.0,31.96,10.75,6.968,329.8,3.145,2.813,3.535,3.203,4.813,0.0,1.207E-7,26.69,29.67,182.9,130.3,0.4681,0.626,1.101,1.054,1.215,0.0,0.0,4.7999999999999994E8,0.0,0.0,0.0,0.0,0.0,0.0,0.0,0.0,0.0,0.0,0.0,0.0,0.0,0.0,0.0,0.0,0.0,0.0,0.0,0.0,0.0,0.0,0.0,0.0,0.0,0.0,0.0,0.0,0.0,0.0,0.0,0.0,1.203E-4,0.0,191000.0,107600.0,17660.0,16180.0,902900.0,9500.0,11990.0,7365.0,9938.0,10370.0,0.0,1.332E-8,6.671E-34,2.877E-33,1.065E-33,4.62E-34,1.4089999999999999E-33,1.8240000000000002E-32,2.21E-34,9.142E-33,5.18E-34,0.01,0.0,0.9282,28.66,74.79,28.47,3.781,2.005,3.881,3.645,5.084,5.938,0.0,0.0,1.0,0.0,0.0,0.0,0.0,0.0,0.0,0.0,0.0,0.0,0.2266,9.035,4.866,1.962,12.97,1.06,0.7809,0.2136,0.519,0.2363,
0.0,18.12,371.1,689.9,364.6,0.9054,35.1,39.58,36.31,49.46,58.83,0.0,0.3324,0.7963,14.55,8.306,2.646,7.314,16.77,15.59,30.17,25.05,0.0,0.3324,0.7963,14.55,8.306,2.646,7.314,16.77,15.59,30.17,25.05,0.0,0.0,0.0,0.0,0.0,0.0,0.0,0.0,0.0,0.0,0.0,0.0,0.0,32.28,11.25,6.923,328.1,3.142,2.79,3.513,3.181,4.786,0.0,1.854E-7,26.52,26.81,171.3,130.5,0.4693,0.6286,1.101,0.9719,1.194,0.0,0.0,4.7999999999999994E8,0.0,0.0,0.0,0.0,0.0,0.0,0.0,0.0,0.0,0.0,0.0,0.0,0.0,0.0,0.0,0.0,0.0,0.0,0.0,0.0,0.0,0.0,0.0,0.0,0.0,0.0,0.0,0.0,0.0,0.0,0.0,0.0,1.202E-4,0.0,191000.0,132500.0,17940.0,15650.0,912500.0,9711.0,12050.0,7421.0,9992.0,10500.0,0.0,2.111E-8,6.649E-34,2.867E-33,1.045E-33,4.61E-34,1.4039999999999999E-33,1.8240000000000002E-32,2.206E-34,9.142E-33,5.177E-34,0.01,0.0,1.323,28.6,74.7,27.8,3.75,2.279,3.881,3.645,5.084,5.938,0.0,0.0,1.0,0.0,0.0,0.0,0.0,0.0,0.0,0.0,0.0,0.0,0.2433,9.035,4.87,1.924,12.97,1.081,0.7809,0.2136,0.519,0.2362,
0.0,18.12,371.4,692.2,377.9,0.6516,30.43,40.57,37.85,48.42,56.25,0.0,0.3324,0.8363,13.36,9.286,2.633,6.356,16.83,15.64,24.47,31.77,0.0,0.3324,0.8363,13.36,9.286,2.633,6.356,16.83,15.64,24.47,31.77,0.0,0.0,0.0,0.0,0.0,0.0,0.0,0.0,0.0,0.0,0.0,0.0,0.0,33.28,11.25,6.923,328.1,3.142,2.79,3.513,3.181,4.786,0.0,1.854E-7,26.52,25.2,163.1,130.6,0.4677,0.6,1.104,0.8206,1.16,0.0,0.0,4.7999999999999994E8,0.0,0.0,0.0,0.0,0.0,0.0,0.0,0.0,0.0,0.0,0.0,0.0,0.0,0.0,0.0,0.0,0.0,0.0,0.0,0.0,0.0,0.0,0.0,0.0,0.0,0.0,0.0,0.0,0.0,0.0,0.0,0.0,1.201E-4,0.0,191000.0,158500.0,18580.0,15570.0,950000.0,10140.0,12190.0,8135.0,9752.0,10930.0,0.0,2.995E-8,6.303E-34,2.8289999999999998E-33,1.868E-33,3.7270000000000003E-34,4.401E-34,1.88E-32,1.315E-33,7.758E-33,4.773E-34,0.01,0.0,1.323,28.64,74.7,28.44,3.737,1.672,3.974,3.813,5.064,5.62,0.0,0.0,1.0,0.0,0.0,0.0,0.0,0.0,0.0,0.0,0.0,0.0,0.2433,8.98,4.861,1.805,12.97,1.163,0.8,0.2568,0.5415,0.2495,
0.0,28.98,371.5,699.8,371.7,0.6233,30.44,41.06,37.48,49.07,55.49,0.0,0.3803,0.826,13.67,8.891,2.577,6.294,13.45,15.37,23.06,37.0,0.0,0.3803,0.826,13.67,8.891,2.577,6.294,13.45,15.37,23.06,37.0,0.0,0.0,0.0,0.0,0.0,0.0,0.0,0.0,0.0,0.0,0.0,0.0,0.0,34.22,11.24,6.86,324.5,3.076,2.756,3.467,3.14,4.716,0.0,2.965E-7,26.58,24.1,151.7,130.4,0.4672,0.5841,1.102,0.8132,1.159,0.0,0.0,4.7999999999999994E8,0.0,0.0,0.0,0.0,0.0,0.0,0.0,0.0,0.0,0.0,0.0,0.0,0.0,0.0,0.0,0.0,0.0,0.0,0.0,0.0,0.0,0.0,0.0,0.0,0.0,0.0,0.0,0.0,0.0,0.0,0.0,0.0,1.134E-4,0.0,191000.0,176000.0,19290.0,15790.0,986100.0,10520.0,11970.0,8371.0,9774.0,11180.0,0.0,3.556E-8,6.331E-34,2.811E-33,1.756E-33,3.766E-34,4.42E-34,1.903E-32,1.3319999999999999E-33,7.86E-33,1.056E-34,0.01,0.0,2.337,28.71,74.67,27.39,3.737,1.673,4.021,3.775,5.127,5.545,0.0,0.0,1.0,0.0,0.0,0.0,0.0,0.0,0.0,0.0,0.0,0.0,0.288,8.982,4.845,1.773,12.97,1.16,0.8086,0.2608,0.5413,0.2362,
0.0,29.12,375.9,697.2,379.6,0.6261,30.37,40.5,37.55,49.5,55.49,0.0,0.3883,0.857,13.65,8.879,2.577,6.289,13.44,15.37,23.06,37.0,0.0,0.3883,0.857,13.65,8.879,2.577,6.289,13.44,15.37,23.06,37.0,0.0,0.0,0.0,0.0,0.0,0.0,0.0,0.0,0.0,0.0,0.0,0.0,0.0,35.19,11.23,6.812,321.8,3.046,2.727,3.438,3.11,4.671,0.0,7.709E-5,26.77,23.74,142.1,130.4,0.467,0.5778,1.102,0.8107,1.159,0.0,0.0,4.7999999999999994E8,0.0,0.0,0.0,0.0,0.0,0.0,0.0,0.0,0.0,0.0,0.0,0.0,0.0,0.0,0.0,0.0,0.0,0.0,0.0,0.0,0.0,0.0,0.0,0.0,0.0,0.0,0.0,0.0,0.0,0.0,0.0,0.0,1.0E-4,0.0,191000.0,199200.0,20440.0,16300.0,1045000.0,11160.0,11920.0,8825.0,10120.0,11880.0,0.0,4.225E-8,6.396E-34,2.801E-33,1.6709999999999998E-33,3.8480000000000004E-34,4.484E-34,1.8750000000000002E-32,1.3679999999999999E-33,8.074999999999999E-33,1.065E-34,0.01,0.0,2.349,28.89,74.55,27.32,3.738,1.666,3.965,3.782,5.169,5.545,0.0,0.0,1.0,0.0,0.0,0.0,0.0,0.0,0.0,0.0,0.0,0.0,0.3881,8.913,4.83,1.772,12.98,1.146,0.7954,0.2621,0.5491,0.2363,
0.0,29.12,368.1,704.0,385.4,0.5401,30.28,42.43,37.38,47.67,55.81,0.0,0.3883,0.8943,13.64,8.903,2.636,6.354,17.5,11.85,23.6,35.76,0.0,0.3883,0.8943,13.64,8.903,2.636,6.354,17.5,11.85,23.6,35.76,0.0,0.0,0.0,0.0,0.0,0.0,0.0,0.0,0.0,0.0,0.0,0.0,0.0,36.17,11.23,6.81,320.9,3.018,2.722,3.432,3.102,4.654,0.0,2.979E-7,26.67,23.59,137.4,130.4,0.4668,0.5703,1.102,0.806,1.159,0.0,0.0,4.7999999999999994E8,0.0,0.0,0.0,0.0,0.0,0.0,0.0,0.0,0.0,0.0,0.0,0.0,0.0,0.0,0.0,0.0,0.0,0.0,0.0,0.0,0.0,0.0,0.0,0.0,0.0,0.0,0.0,0.0,0.0,0.0,0.0,0.0,1.0E-4,0.0,191000.0,215500.0,21480.0,16710.0,1090000.0,11620.0,11970.0,9256.0,9938.0,12500.0,0.0,4.862E-8,6.338E-34,2.7719999999999997E-33,1.5779999999999998E-33,3.3830000000000003E-34,3.9460000000000006E-34,1.926E-32,1.687E-33,7.098E-33,3.995E-34,0.01,0.0,2.349,28.53,74.83,27.4,3.73,1.658,4.155,3.764,4.99,5.576,0.0,0.0,1.0,0.0,0.0,0.0,0.0,0.0,0.0,0.0,0.0,0.0,0.3881,8.884,4.855,1.774,12.97,1.141,0.8106,0.273,0.5179,0.2454,
0.0,39.22,371.0,688.6,390.6,0.5371,30.09,42.43,37.38,47.67,55.81,0.0,0.4751,1.015,13.12,9.235,2.636,6.339,17.5,11.85,23.6,35.76,0.0,0.4751,1.015,13.12,9.235,2.636,6.339,17.5,11.85,23.6,35.76,0.0,0.0,0.0,0.0,0.0,0.0,0.0,0.0,0.0,0.0,0.0,0.0,0.0,35.92,11.43,6.749,317.2,2.98,2.693,3.392,3.069,4.602,0.0,0.04236,26.44,23.74,134.9,130.4,0.4667,0.5662,1.101,0.8045,1.159,0.0,0.0,4.7999999999999994E8,0.0,0.0,0.0,0.0,0.0,0.0,0.0,0.0,0.0,0.0,0.0,0.0,0.0,0.0,0.0,0.0,0.0,0.0,0.0,0.0,0.0,0.0,0.0,0.0,0.0,0.0,0.0,0.0,0.0,0.0,0.0,0.0,1.158E-4,0.0,191100.0,237500.0,22880.0,17390.0,1159000.0,12320.0,12030.0,9757.0,10280.0,13270.0,0.0,5.35E-8,6.588E-34,2.725E-33,1.496E-33,3.3830000000000003E-34,3.916E-34,1.9250000000000002E-32,1.687E-33,7.098E-33,3.995E-34,0.01,0.0,3.045,28.93,73.74,27.41,3.73,1.639,4.155,3.764,4.99,5.576,0.0,0.0,1.0,0.0,0.0,0.0,0.0,0.0,0.0,0.0,0.0,0.0,0.501,8.779,4.872,1.754,12.97,1.133,0.8106,0.2733,0.518,0.2456,
0.0,66.2,363.0,654.5,443.8,0.5096,30.06,41.77,37.34,46.8,57.46,0.0,0.5304,0.9895,12.87,9.539,2.737,6.451,25.31,12.54,23.39,27.17,0.0,0.5304,0.9895,12.87,9.539,2.737,6.451,25.31,12.54,23.39,27.17,0.0,0.0,0.0,0.0,0.0,0.0,0.0,0.0,0.0,0.0,0.0,0.0,0.0,36.91,11.42,6.703,315.3,2.977,2.67,3.369,3.046,4.575,0.0,6.772E-7,26.12,22.85,97.89,130.4,0.4667,0.565,1.101,0.8042,1.159,0.0,0.0,4.7999999999999994E8,0.0,0.0,0.0,0.0,0.0,0.0,0.0,0.0,0.0,0.0,0.0,0.0,0.0,0.0,0.0,0.0,0.0,0.0,0.0,0.0,0.0,0.0,0.0,0.0,0.0,0.0,0.0,0.0,0.0,0.0,0.0,0.0,1.326E-4,0.0,191000.0,241000.0,22320.0,15970.0,1104000.0,11780.0,11430.0,9276.0,9877.0,12920.0,0.0,5.703E-8,6.357E-34,2.483E-33,1.665E-33,3.1850000000000003E-34,3.6750000000000004E-34,1.8400000000000002E-32,1.62E-33,7.124E-33,1.354E-33,0.01,0.0,3.531,28.36,70.1,31.12,3.728,1.636,4.093,3.76,4.903,5.736,0.0,0.0,1.0,0.0,0.0,0.0,0.0,0.0,0.0,0.0,0.0,0.0,0.52,8.779,4.799,1.808,12.97,1.13,0.7857,0.2722,0.5213,0.2695,
0.0,77.6,363.1,651.7,444.9,0.5275,30.08,43.12,37.46,47.32,55.42,0.0,0.6202,0.937,12.78,9.399,2.584,6.28,13.72,11.52,18.89,44.74,0.0,0.6202,0.937,12.78,9.399,2.584,6.28,13.72,11.52,18.89,44.74,0.0,0.0,0.0,0.0,0.0,0.0,0.0,0.0,0.0,0.0,0.0,0.0,0.0,37.0,12.25,6.697,312.5,2.935,2.664,3.342,3.032,4.542,0.0,7.938E-7,25.87,22.43,85.19,130.4,0.4666,0.5618,1.101,0.803,1.159,0.0,0.0,4.7999999999999994E8,0.0,0.0,0.0,0.0,0.0,0.0,0.0,0.0,0.0,0.0,0.0,0.0,0.0,0.0,0.0,0.0,0.0,0.0,0.0,0.0,0.0,0.0,0.0,0.0,0.0,0.0,0.0,0.0,0.0,0.0,0.0,0.0,1.0E-4,0.0,191000.0,243900.0,21440.0,14880.0,1050000.0,11250.0,11020.0,8804.0,9446.0,11970.0,0.0,6.158E-8,6.381000000000001E-34,2.449E-33,1.5359999999999999E-33,3.27E-34,3.75E-34,1.904E-32,1.6759999999999998E-33,7.372999999999999E-33,3.805E-34,0.01,0.0,4.641,28.34,69.72,29.97,3.731,1.638,4.225,3.772,4.954,5.537,0.0,0.0,1.0,0.0,0.0,0.0,0.0,0.0,0.0,0.0,0.0,0.0,0.602,8.728,4.79,1.787,12.96,1.127,0.8091,0.2742,0.5303,0.234,
0.0,88.68,368.0,637.7,449.7,2.465,30.02,43.12,37.46,47.32,55.42,0.0,0.6705,1.086,12.69,9.271,2.612,6.261,13.72,11.52,18.89,44.74,0.0,0.6705,1.086,12.69,9.271,2.612,6.261,13.72,11.52,18.89,44.74,0.0,0.0,0.0,0.0,0.0,0.0,0.0,0.0,0.0,0.0,0.0,0.0,0.0,39.26,13.65,7.362,311.3,2.909,2.66,3.336,3.025,4.526,0.0,9.34E-7,25.31,19.54,78.47,130.9,0.7345,0.6085,1.161,0.8779,1.332,0.0,0.0,4.7999999999999994E8,0.0,0.0,0.0,0.0,0.0,0.0,0.0,0.0,0.0,0.0,0.0,0.0,0.0,0.0,0.0,0.0,0.0,0.0,0.0,0.0,0.0,0.0,0.0,0.0,0.0,0.0,0.0,0.0,0.0,0.0,0.0,0.0,1.0E-4,0.0,191000.0,253100.0,25060.0,15370.0,1019000.0,10540.0,10630.0,8546.0,9111.0,11450.0,0.0,6.703E-8,6.395000000000001E-34,2.404E-33,1.4739999999999999E-33,3.252E-34,3.7250000000000003E-34,1.903E-32,1.6759999999999998E-33,7.372999999999999E-33,3.805E-34,0.01,0.0,5.56,28.48,68.73,29.83,3.772,1.64,4.226,3.774,4.956,5.543,0.0,0.0,1.0,0.0,0.0,0.0,0.0,0.0,0.0,0.0,0.0,0.0,0.6417,8.705,4.833,1.825,12.88,1.107,0.8088,0.2737,0.5298,0.2329,
0.0,88.68,367.1,627.8,450.7,0.5376,30.02,42.9,37.5,47.49,55.43,0.0,0.6708,1.125,12.67,9.211,2.608,6.261,13.71,11.52,18.9,44.74,0.0,0.6708,1.125,12.67,9.211,2.608,6.261,13.71,11.52,18.9,44.74,0.0,0.0,0.0,0.0,0.0,0.0,0.0,0.0,0.0,0.0,0.0,0.0,0.0,42.34,14.14,7.444,309.7,2.907,2.636,3.313,3.003,4.499,0.0,1.399E-5,28.3,28.22,73.94,132.5,0.7345,0.6076,1.161,0.8776,1.332,0.0,0.0,4.7999999999999994E8,0.0,0.0,0.0,0.0,0.0,0.0,0.0,0.0,0.0,0.0,0.0,0.0,0.0,0.0,0.0,0.0,0.0,0.0,0.0,0.0,0.0,0.0,0.0,0.0,0.0,0.0,0.0,0.0,0.0,0.0,0.0,0.0,1.0E-4,0.0,191000.0,264700.0,24570.0,15290.0,1017000.0,10180.0,10460.0,8538.0,9042.0,11290.0,0.0,7.323E-8,6.451E-34,2.38E-33,1.411E-33,3.272E-34,3.737E-34,1.892E-32,1.694E-33,7.452E-33,3.814E-34,0.01,0.0,5.561,28.77,68.59,29.48,3.76,1.641,4.205,3.778,4.973,5.543,0.0,0.0,1.0,0.0,0.0,0.0,0.0,0.0,0.0,0.0,0.0,0.0,0.664,8.666,4.839,1.831,12.88,1.104,0.8047,0.2743,0.5327,0.2328,
0.0,138.3,367.2,623.3,413.0,0.5371,26.02,42.9,37.5,47.49,55.43,0.0,0.771,1.086,12.59,9.263,2.604,6.221,13.71,11.52,18.73,44.91,0.0,0.771,1.086,12.59,9.263,2.604,6.221,13.71,11.52,18.73,44.91,0.0,0.0,0.0,0.0,0.0,0.0,0.0,0.0,0.0,0.0,0.0,0.0,0.0,42.54,14.29,7.476,310.4,2.907,2.636,3.313,3.003,4.499,0.0,0.03524,28.41,28.19,70.27,132.2,0.7345,0.6068,1.161,0.8772,1.332,0.0,0.0,4.7999999999999994E8,0.0,0.0,0.0,0.0,0.0,0.0,0.0,0.0,0.0,0.0,0.0,0.0,0.0,0.0,0.0,0.0,0.0,0.0,0.0,0.0,0.0,0.0,0.0,0.0,0.0,0.0,0.0,0.0,0.0,0.0,0.0,0.0,1.201E-4,0.0,191100.0,278900.0,24820.0,15470.0,1035000.0,10210.0,10450.0,8705.0,9098.0,11450.0,0.0,7.716E-8,6.4E-34,2.336E-33,1.3399999999999999E-33,3.27E-34,3.6820000000000003E-34,1.892E-32,1.694E-33,7.452E-33,3.814E-34,0.01,0.0,6.881,28.39,68.12,29.11,3.725,1.539,4.205,3.778,4.973,5.543,0.0,0.0,1.0,0.0,0.0,0.0,0.0,0.0,0.0,0.0,0.0,0.0,0.7316,8.679,4.826,1.787,12.87,1.091,0.8046,0.2742,0.5326,0.2327,
0.0,142.1,367.2,623.7,383.4,17.32,31.36,42.99,37.61,47.62,55.74,0.0,0.8585,1.098,12.67,8.394,3.177,6.32,13.71,11.52,18.73,44.92,0.0,0.8585,1.098,12.67,8.394,3.177,6.32,13.71,11.52,18.73,44.92,0.0,0.0,0.0,0.0,0.0,0.0,0.0,0.0,0.0,0.0,0.0,0.0,0.0,42.23,14.04,13.73,305.3,2.613,2.583,3.247,2.92,4.309,0.0,1.454E-6,28.55,31.19,70.72,131.5,0.6944,0.5999,1.152,0.866,1.306,0.0,0.0,4.7999999999999994E8,0.0,0.0,0.0,0.0,0.0,0.0,0.0,0.0,0.0,0.0,0.0,0.0,0.0,0.0,0.0,0.0,0.0,0.0,0.0,0.0,0.0,0.0,0.0,0.0,0.0,0.0,0.0,0.0,0.0,0.0,0.0,0.0,1.182E-4,0.0,191000.0,293500.0,24880.0,36150.0,1048000.0,9600.0,10520.0,8802.0,9087.0,11250.0,0.0,8.186E-8,6.435000000000001E-34,2.305E-33,1.131E-33,4.562000000000001E-34,3.829E-34,1.892E-32,1.695E-33,7.452999999999999E-33,3.8370000000000003E-34,0.01,0.0,7.416,28.41,68.12,27.04,4.753,1.989,4.21,3.784,4.981,5.561,0.0,0.0,1.0,0.0,0.0,0.0,0.0,0.0,0.0,0.0,0.0,0.0,0.76,8.664,4.801,2.032,12.63,1.096,0.8024,0.2713,0.529,0.2247,
0.0,142.1,361.7,625.3,395.7,0.5344,21.66,42.9,37.5,47.49,55.43,0.0,0.8649,1.222,12.63,8.667,2.959,6.187,13.71,11.52,18.73,44.92,0.0,0.8649,1.222,12.63,8.667,2.959,6.187,13.71,11.52,18.73,44.92,0.0,0.0,0.0,0.0,0.0,0.0,0.0,0.0,0.0,0.0,0.0,0.0,0.0,43.45,14.22,9.753,304.5,2.825,2.598,3.273,2.958,4.421,0.0,1.454E-6,31.1,29.89,87.66,131.8,0.7315,0.6077,1.161,0.8769,1.33,0.0,0.0,4.7999999999999994E8,0.0,0.0,0.0,0.0,0.0,0.0,0.0,0.0,0.0,0.0,0.0,0.0,0.0,0.0,0.0,0.0,0.0,0.0,0.0,0.0,0.0,0.0,0.0,0.0,0.0,0.0,0.0,0.0,0.0,0.0,0.0,0.0,1.205E-4,0.0,191000.0,310400.0,25230.0,25520.0,1070000.0,9899.0,10890.0,9159.0,9412.0,11680.0,0.0,8.633E-8,6.5570000000000006E-34,2.208E-33,1.2419999999999999E-33,3.910000000000001E-34,3.631E-34,1.891E-32,1.694E-33,7.452E-33,3.825E-34,0.01,0.0,7.418,28.65,67.03,29.14,4.075,1.437,4.206,3.78,4.976,5.55,0.0,0.0,1.0,0.0,0.0,0.0,0.0,0.0,0.0,0.0,0.0,0.0,0.7639,8.634,4.809,1.926,12.73,1.103,0.8034,0.2735,0.5318,0.231,
0.0,145.4,364.5,615.9,400.3,0.5302,21.47,42.89,37.5,47.49,55.43,0.0,0.9877,1.169,12.72,8.531,2.922,6.177,13.71,11.52,18.73,44.92,0.0,0.9877,1.169,12.72,8.531,2.922,6.177,13.71,11.52,18.73,44.92,0.0,0.0,0.0,0.0,0.0,0.0,0.0,0.0,0.0,0.0,0.0,0.0,0.0,49.63,10.24,10.03,303.9,2.795,2.613,3.297,2.995,4.46,0.0,2.214E-5,38.14,17.91,80.12,139.5,0.7316,0.8456,1.456,1.247,1.792,0.0,0.0,4.7999999999999994E8,0.0,0.0,0.0,0.0,0.0,0.0,0.0,0.0,0.0,0.0,0.0,0.0,0.0,0.0,0.0,0.0,0.0,0.0,0.0,0.0,0.0,0.0,0.0,0.0,0.0,0.0,0.0,0.0,0.0,0.0,0.0,0.0,1.181E-4,0.0,191000.0,324100.0,23650.0,26420.0,1102000.0,9874.0,11180.0,9342.0,9529.0,11720.0,0.0,9.059E-8,6.415E-34,2.209E-33,1.199E-33,3.8150000000000003E-34,3.618E-34,1.891E-32,1.694E-33,7.452E-33,3.8240000000000003E-34,0.01,0.0,7.819,28.22,67.91,28.61,3.72,1.418,4.205,3.779,4.974,5.548,0.0,0.0,1.0,0.0,0.0,0.0,0.0,0.0,0.0,0.0,0.0,0.0,0.8362,8.675,4.586,1.937,12.83,1.095,0.8045,0.2749,0.5335,0.2331,
0.0,159.8,365.1,614.1,399.7,0.5361,21.48,42.67,37.54,47.66,55.43,0.0,1.189,1.169,12.63,8.354,2.922,6.178,13.7,11.52,18.73,44.92,0.0,1.189,1.169,12.63,8.354,2.922,6.178,13.7,11.52,18.73,44.92,0.0,0.0,0.0,0.0,0.0,0.0,0.0,0.0,0.0,0.0,0.0,0.0,0.0,50.63,11.24,10.03,303.9,2.795,2.613,3.297,2.995,4.46,0.0,1.635E-6,37.51,16.1,69.35,139.5,0.7316,0.8469,1.456,1.247,1.792,0.0,0.0,4.7999999999999994E8,0.0,0.0,0.0,0.0,0.0,0.0,0.0,0.0,0.0,0.0,0.0,0.0,0.0,0.0,0.0,0.0,0.0,0.0,0.0,0.0,0.0,0.0,0.0,0.0,0.0,0.0,0.0,0.0,0.0,0.0,0.0,0.0,1.0E-4,0.0,191000.0,326100.0,22970.0,25960.0,1101000.0,9961.0,11250.0,9294.0,9567.0,11700.0,0.0,9.386E-8,6.424000000000001E-34,2.1599999999999998E-33,1.1339999999999999E-33,3.843E-34,3.6370000000000003E-34,1.88E-32,1.713E-33,7.533E-33,3.832E-34,0.01,0.0,9.308,28.22,67.29,27.4,3.72,1.419,4.183,3.783,4.991,5.548,0.0,0.0,1.0,0.0,0.0,0.0,0.0,0.0,0.0,0.0,0.0,0.0,0.8772,8.67,4.59,1.901,12.83,1.095,0.8003,0.2755,0.5365,0.233,
0.0,159.8,365.6,614.9,409.6,0.542,21.49,43.1,37.58,47.17,55.43,0.0,1.189,1.168,12.63,8.354,2.921,6.178,13.72,11.52,18.72,44.92,0.0,1.189,1.168,12.63,8.354,2.921,6.178,13.72,11.52,18.72,44.92,0.0,0.0,0.0,0.0,0.0,0.0,0.0,0.0,0.0,0.0,0.0,0.0,0.0,53.68,11.27,10.04,304.9,2.795,2.613,3.297,2.995,4.46,0.0,1.635E-6,36.8,15.19,59.5,139.5,0.7316,0.8452,1.456,1.246,1.792,0.0,0.0,4.7999999999999994E8,0.0,0.0,0.0,0.0,0.0,0.0,0.0,0.0,0.0,0.0,0.0,0.0,0.0,0.0,0.0,0.0,0.0,0.0,0.0,0.0,0.0,0.0,0.0,0.0,0.0,0.0,0.0,0.0,0.0,0.0,0.0,0.0,1.0E-4,0.0,191000.0,314800.0,22490.0,25210.0,1056000.0,10020.0,10860.0,8826.0,9137.0,11380.0,0.0,9.852E-8,6.433E-34,2.137E-33,1.109E-33,3.871E-34,3.658E-34,1.9E-32,1.7319999999999998E-33,7.298E-33,3.841E-34,0.01,0.0,9.308,28.19,67.29,27.4,3.712,1.419,4.225,3.787,4.943,5.549,0.0,0.0,1.0,0.0,0.0,0.0,0.0,0.0,0.0,0.0,0.0,0.0,0.8772,8.659,4.588,1.9,12.84,1.096,0.808,0.2761,0.5274,0.2328,
0.0,171.1,366.8,596.0,422.5,0.5419,21.49,43.1,37.55,47.35,55.32,0.0,1.278,1.19,12.4,8.379,2.921,6.178,13.72,11.51,18.73,44.94,0.0,1.278,1.19,12.4,8.379,2.921,6.178,13.72,11.51,18.73,44.94,0.0,0.0,0.0,0.0,0.0,0.0,0.0,0.0,0.0,0.0,0.0,0.0,0.0,53.6,12.2,9.901,299.4,2.724,2.579,3.241,2.951,4.384,0.0,1.75E-6,36.54,14.05,53.66,139.5,0.7315,0.8436,1.456,1.246,1.792,0.0,0.0,4.7999999999999994E8,0.0,0.0,0.0,0.0,0.0,0.0,0.0,0.0,0.0,0.0,0.0,0.0,0.0,0.0,0.0,0.0,0.0,0.0,0.0,0.0,0.0,0.0,0.0,0.0,0.0,0.0,0.0,0.0,0.0,0.0,0.0,0.0,1.0E-4,0.0,191000.0,314400.0,22670.0,25310.0,1049000.0,10290.0,10610.0,8706.0,9038.0,11440.0,0.0,1.022E-7,6.496000000000001E-34,2.014E-33,1.1209999999999999E-33,3.871E-34,3.647E-34,1.9E-32,1.734E-33,7.286E-33,3.874000000000001E-34,0.01,0.0,10.42,28.33,65.1,27.98,3.712,1.419,4.225,3.779,4.966,5.549,0.0,0.0,1.0,0.0,0.0,0.0,0.0,0.0,0.0,0.0,0.0,0.0,0.8972,8.642,4.566,1.916,12.83,1.095,0.8079,0.2747,0.5281,0.2358,
0.0,181.2,369.7,595.3,414.4,0.5417,21.49,43.1,37.55,47.35,55.32,0.0,1.346,1.199,12.4,8.305,2.921,6.178,13.72,11.51,18.73,44.94,0.0,1.346,1.199,12.4,8.305,2.921,6.178,13.72,11.51,18.73,44.94,0.0,0.0,0.0,0.0,0.0,0.0,0.0,0.0,0.0,0.0,0.0,0.0,0.0,53.6,12.2,9.901,299.4,2.724,2.579,3.241,2.951,4.384,0.0,1.854E-6,36.43,13.75,49.9,139.5,0.7315,0.8436,1.456,1.246,1.792,0.0,0.0,4.7999999999999994E8,0.0,0.0,0.0,0.0,0.0,0.0,0.0,0.0,0.0,0.0,0.0,0.0,0.0,0.0,0.0,0.0,0.0,0.0,0.0,0.0,0.0,0.0,0.0,0.0,0.0,0.0,0.0,0.0,0.0,0.0,0.0,0.0,1.0E-4,0.0,191000.0,321400.0,23090.0,25870.0,1067000.0,10690.0,10700.0,8826.0,9167.0,11740.0,0.0,1.064E-7,6.495E-34,1.9639999999999998E-33,1.073E-33,3.871E-34,3.636E-34,1.9E-32,1.734E-33,7.286E-33,3.871E-34,0.01,0.0,10.84,28.53,65.02,27.44,3.712,1.419,4.225,3.779,4.966,5.549,0.0,0.0,1.0,0.0,0.0,0.0,0.0,0.0,0.0,0.0,0.0,0.0,0.9184,8.652,4.552,1.891,12.82,1.095,0.8078,0.2746,0.5279,0.2357,
0.0,181.2,369.5,595.4,416.3,0.5416,21.49,43.1,37.55,47.35,55.32,0.0,1.346,1.199,12.4,8.305,2.921,6.178,13.72,11.51,18.73,44.94,0.0,1.346,1.199,12.4,8.305,2.921,6.178,13.72,11.51,18.73,44.94,0.0,0.0,0.0,0.0,0.0,0.0,0.0,0.0,0.0,0.0,0.0,0.0,0.0,57.59,12.2,9.888,298.5,2.717,2.578,3.23,2.947,4.377,0.0,1.854E-6,36.45,13.58,47.99,139.5,0.7315,0.8445,1.456,1.246,1.792,0.0,0.0,4.7999999999999994E8,0.0,0.0,0.0,0.0,0.0,0.0,0.0,0.0,0.0,0.0,0.0,0.0,0.0,0.0,0.0,0.0,0.0,0.0,0.0,0.0,0.0,0.0,0.0,0.0,0.0,0.0,0.0,0.0,0.0,0.0,0.0,0.0,1.0E-4,0.0,191000.0,332700.0,23670.0,26750.0,1100000.0,11170.0,11000.0,9092.0,9449.0,12190.0,0.0,1.09E-7,6.494E-34,1.91E-33,1.0439999999999999E-33,3.871E-34,3.6260000000000003E-34,1.899E-32,1.734E-33,7.286E-33,3.868E-34,0.01,0.0,10.84,28.51,65.02,27.44,3.712,1.419,4.225,3.779,4.966,5.549,0.0,0.0,1.0,0.0,0.0,0.0,0.0,0.0,0.0,0.0,0.0,0.0,0.9184,8.641,4.55,1.89,12.81,1.095,0.8076,0.2744,0.5277,0.2354,
0.0,181.2,367.3,584.5,430.4,0.5414,21.49,43.1,37.55,47.35,55.32,0.0,1.346,1.157,12.27,8.471,2.92,6.178,13.72,11.51,18.73,44.94,0.0,1.346,1.157,12.27,8.471,2.92,6.178,13.72,11.51,18.73,44.94,0.0,0.0,0.0,0.0,0.0,0.0,0.0,0.0,0.0,0.0,0.0,0.0,0.0,59.5,12.13,9.787,296.9,2.637,2.564,3.212,2.925,4.325,0.0,1.854E-6,36.48,13.46,46.91,139.3,0.7316,0.8462,1.456,1.247,1.792,0.0,0.0,4.7999999999999994E8,0.0,0.0,0.0,0.0,0.0,0.0,0.0,0.0,0.0,0.0,0.0,0.0,0.0,0.0,0.0,0.0,0.0,0.0,0.0,0.0,0.0,0.0,0.0,0.0,0.0,0.0,0.0,0.0,0.0,0.0,0.0,0.0,1.0E-4,0.0,191000.0,346200.0,24060.0,27890.0,1132000.0,11720.0,11430.0,9452.0,9831.0,12730.0,0.0,1.122E-7,6.403E-34,1.84E-33,1.0409999999999999E-33,3.868E-34,3.6150000000000002E-34,1.899E-32,1.734E-33,7.286E-33,3.862E-34,0.01,0.0,10.84,28.27,64.08,28.61,3.688,1.419,4.225,3.779,4.966,5.549,0.0,0.0,1.0,0.0,0.0,0.0,0.0,0.0,0.0,0.0,0.0,0.0,0.9184,8.609,4.506,1.957,12.83,1.095,0.8076,0.2743,0.5276,0.2353,
0.0,207.0,321.0,629.8,414.2,0.5217,21.47,44.14,36.76,46.97,55.52,0.0,1.596,1.179,12.25,8.233,2.932,6.192,12.6,13.43,18.56,44.27,0.0,1.596,1.179,12.25,8.233,2.932,6.192,12.6,13.43,18.56,44.27,0.0,0.0,0.0,0.0,0.0,0.0,0.0,0.0,0.0,0.0,0.0,0.0,0.0,59.49,12.13,9.787,297.9,2.637,2.564,3.212,2.925,4.325,0.0,2.117E-6,36.56,13.28,38.46,139.0,0.7316,0.8474,1.456,1.247,1.792,0.0,0.0,4.7999999999999994E8,0.0,0.0,0.0,0.0,0.0,0.0,0.0,0.0,0.0,0.0,0.0,0.0,0.0,0.0,0.0,0.0,0.0,0.0,0.0,0.0,0.0,0.0,0.0,0.0,0.0,0.0,0.0,0.0,0.0,0.0,0.0,0.0,1.0E-4,0.0,191000.0,360700.0,24130.0,27990.0,1147000.0,11590.0,11700.0,9711.0,9982.0,12930.0,0.0,1.153E-7,5.945000000000001E-34,1.8249999999999998E-33,9.431E-34,3.7720000000000003E-34,3.5000000000000003E-34,1.8940000000000002E-32,1.7889999999999998E-33,7.15E-33,5.411E-34,0.01,0.0,13.34,24.85,67.4,26.21,3.663,1.417,4.329,3.699,4.928,5.568,0.0,0.0,1.0,0.0,0.0,0.0,0.0,0.0,0.0,0.0,0.0,0.0,0.9857,8.564,4.539,1.891,12.83,1.095,0.806,0.2767,0.5225,0.2397,
0.0,209.3,322.7,635.3,412.8,0.5217,21.44,44.14,36.76,46.97,55.52,0.0,1.652,1.397,12.16,8.054,2.932,6.186,12.6,13.43,18.56,44.27,0.0,1.652,1.397,12.16,8.054,2.932,6.186,12.6,13.43,18.56,44.27,0.0,0.0,0.0,0.0,0.0,0.0,0.0,0.0,0.0,0.0,0.0,0.0,0.0,60.99,11.25,10.16,297.9,2.637,2.564,3.212,2.925,4.325,0.0,2.142E-6,37.84,10.08,31.81,139.0,0.7315,0.8451,1.456,1.246,1.792,0.0,0.0,4.7999999999999994E8,0.0,0.0,0.0,0.0,0.0,0.0,0.0,0.0,0.0,0.0,0.0,0.0,0.0,0.0,0.0,0.0,0.0,0.0,0.0,0.0,0.0,0.0,0.0,0.0,0.0,0.0,0.0,0.0,0.0,0.0,0.0,0.0,1.0E-4,0.0,191000.0,375500.0,22560.0,28270.0,1158000.0,11190.0,11540.0,9870.0,9956.0,12890.0,0.0,1.182E-7,6.203E-34,1.739E-33,9.28E-34,3.7720000000000003E-34,3.49E-34,1.8940000000000002E-32,1.7889999999999998E-33,7.15E-33,5.4E-34,0.01,0.0,13.59,25.72,66.41,26.04,3.663,1.415,4.329,3.699,4.928,5.568,0.0,0.0,1.0,0.0,0.0,0.0,0.0,0.0,0.0,0.0,0.0,0.0,1.081,8.509,4.478,1.915,12.82,1.091,0.8058,0.2766,0.5223,0.2394,
0.0,211.7,317.1,636.6,409.3,0.5218,21.44,44.14,36.76,46.97,55.52,0.0,1.699,1.262,12.27,8.035,2.907,6.185,12.6,13.43,18.56,44.27,0.0,1.699,1.262,12.27,8.035,2.907,6.185,12.6,13.43,18.56,44.27,0.0,0.0,0.0,0.0,0.0,0.0,0.0,0.0,0.0,0.0,0.0,0.0,0.0,61.75,10.8,9.939,298.8,2.664,2.569,3.218,2.932,4.343,0.0,2.166E-6,37.69,7.515,40.03,138.7,0.724,0.8435,1.454,1.244,1.787,0.0,0.0,4.7999999999999994E8,0.0,0.0,0.0,0.0,0.0,0.0,0.0,0.0,0.0,0.0,0.0,0.0,0.0,0.0,0.0,0.0,0.0,0.0,0.0,0.0,0.0,0.0,0.0,0.0,0.0,0.0,0.0,0.0,0.0,0.0,0.0,0.0,1.0E-4,0.0,191000.0,387000.0,21800.0,27900.0,1186000.0,11200.0,11620.0,10090.0,10050.0,13020.0,0.0,1.209E-7,5.9010000000000004E-34,1.716E-33,9.108E-34,3.7560000000000004E-34,3.4800000000000002E-34,1.893E-32,1.788E-33,7.149E-33,5.3860000000000004E-34,0.01,0.0,13.84,25.26,66.6,26.06,3.646,1.415,4.329,3.699,4.928,5.568,0.0,0.0,1.0,0.0,0.0,0.0,0.0,0.0,0.0,0.0,0.0,0.0,1.095,8.527,4.433,1.923,12.82,1.091,0.8058,0.2766,0.5223,0.2395,
0.0,214.0,317.5,636.7,407.9,0.5275,21.45,44.56,36.8,46.48,55.52,0.0,1.747,1.262,12.27,7.988,2.907,6.185,12.63,13.43,18.53,44.27,0.0,1.747,1.262,12.27,7.988,2.907,6.185,12.63,13.43,18.53,44.27,0.0,0.0,0.0,0.0,0.0,0.0,0.0,0.0,0.0,0.0,0.0,0.0,0.0,61.7,10.76,9.801,293.3,2.624,2.516,3.156,2.877,4.264,0.0,2.19E-6,37.3,7.395,39.01,138.7,0.724,0.8424,1.454,1.243,1.787,0.0,0.0,4.7999999999999994E8,0.0,0.0,0.0,0.0,0.0,0.0,0.0,0.0,0.0,0.0,0.0,0.0,0.0,0.0,0.0,0.0,0.0,0.0,0.0,0.0,0.0,0.0,0.0,0.0,0.0,0.0,0.0,0.0,0.0,0.0,0.0,0.0,1.377E-4,0.0,191000.0,361200.0,21440.0,26570.0,1123000.0,11040.0,11120.0,9387.0,9456.0,12400.0,0.0,1.236E-7,5.91E-34,1.6709999999999998E-33,8.879E-34,3.7830000000000003E-34,3.5000000000000003E-34,1.9140000000000001E-32,1.807E-33,6.917E-33,5.396E-34,0.01,0.0,14.09,25.26,66.6,25.81,3.647,1.415,4.371,3.703,4.881,5.569,0.0,0.0,1.0,0.0,0.0,0.0,0.0,0.0,0.0,0.0,0.0,0.0,1.11,8.523,4.432,1.909,12.82,1.091,0.8136,0.2773,0.5135,0.2396,
0.0,216.4,318.0,637.1,405.3,0.5332,21.46,45.0,36.19,46.64,55.53,0.0,1.794,1.281,12.39,7.803,2.908,6.186,12.66,13.39,18.54,44.27,0.0,1.794,1.281,12.39,7.803,2.908,6.186,12.66,13.39,18.54,44.27,0.0,0.0,0.0,0.0,0.0,0.0,0.0,0.0,0.0,0.0,0.0,0.0,0.0,61.67,10.3,10.21,292.5,2.597,2.512,3.15,2.87,4.247,0.0,2.214E-6,37.14,7.337,38.47,138.7,0.724,0.8413,1.454,1.243,1.787,0.0,0.0,4.7999999999999994E8,0.0,0.0,0.0,0.0,0.0,0.0,0.0,0.0,0.0,0.0,0.0,0.0,0.0,0.0,0.0,0.0,0.0,0.0,0.0,0.0,0.0,0.0,0.0,0.0,0.0,0.0,0.0,0.0,0.0,0.0,0.0,0.0,1.288E-4,0.0,191000.0,351900.0,21450.0,26340.0,1105000.0,11170.0,10880.0,9037.0,9282.0,12270.0,0.0,1.261E-7,5.898000000000001E-34,1.602E-33,8.923E-34,3.8100000000000003E-34,3.521E-34,1.934E-32,1.513E-33,6.989999999999999E-33,5.405000000000001E-34,0.01,0.0,14.34,25.28,66.29,25.86,3.648,1.416,4.413,3.643,4.896,5.569,0.0,0.0,1.0,0.0,0.0,0.0,0.0,0.0,0.0,0.0,0.0,0.0,1.124,8.505,4.321,2.022,12.81,1.091,0.8215,0.266,0.5162,0.2396,
0.0,218.7,313.3,626.5,410.3,0.5329,21.46,45.0,36.19,46.64,55.53,0.0,1.841,1.099,12.39,7.931,2.921,6.186,12.66,13.39,18.53,44.27,0.0,1.841,1.099,12.39,7.931,2.921,6.186,12.66,13.39,18.53,44.27,0.0,0.0,0.0,0.0,0.0,0.0,0.0,0.0,0.0,0.0,0.0,0.0,0.0,59.69,9.001,8.947,297.2,2.597,2.484,3.115,2.826,4.193,0.0,2.238E-6,10.23,8.432,92.67,120.6,0.724,0.4654,0.9842,0.6559,1.053,0.0,0.0,4.7999999999999994E8,0.0,0.0,0.0,0.0,0.0,0.0,0.0,0.0,0.0,0.0,0.0,0.0,0.0,0.0,0.0,0.0,0.0,0.0,0.0,0.0,0.0,0.0,0.0,0.0,0.0,0.0,0.0,0.0,0.0,0.0,0.0,0.0,1.0E-4,0.0,191000.0,350700.0,20760.0,23760.0,1117000.0,11480.0,10840.0,9018.0,9276.0,12380.0,0.0,1.289E-7,5.592000000000001E-34,1.559E-33,9.083000000000001E-34,3.731E-34,3.512E-34,1.934E-32,1.513E-33,6.989999999999999E-33,5.378E-34,0.01,0.0,14.58,24.29,66.48,26.73,3.368,1.416,4.406,3.634,4.884,5.555,0.0,0.0,1.0,0.0,0.0,0.0,0.0,0.0,0.0,0.0,0.0,0.0,1.138,8.323,4.264,1.903,13.16,1.091,0.8192,0.2633,0.5128,0.2352,
0.0,226.2,310.6,628.8,403.4,0.5327,21.5,44.96,36.14,46.58,55.45,0.0,1.94,1.006,12.44,7.843,2.955,6.177,12.66,13.39,18.53,44.27,0.0,1.94,1.006,12.44,7.843,2.955,6.177,12.66,13.39,18.53,44.27,0.0,0.0,0.0,0.0,0.0,0.0,0.0,0.0,0.0,0.0,0.0,0.0,0.0,57.07,9.096,8.966,298.5,2.59,2.509,3.137,2.864,4.237,0.0,2.314E-6,9.336,8.461,92.47,121.5,0.724,0.4762,0.9971,0.6721,1.073,0.0,0.0,4.7999999999999994E8,0.0,0.0,0.0,0.0,0.0,0.0,0.0,0.0,0.0,0.0,0.0,0.0,0.0,0.0,0.0,0.0,0.0,0.0,0.0,0.0,0.0,0.0,0.0,0.0,0.0,0.0,0.0,0.0,0.0,0.0,0.0,0.0,1.0E-4,0.0,191000.0,350400.0,21040.0,24260.0,1150000.0,11910.0,11120.0,9266.0,9560.0,12830.0,0.0,1.308E-7,5.511E-34,1.5179999999999999E-33,8.767000000000001E-34,3.7430000000000003E-34,3.5020000000000003E-34,1.934E-32,1.5119999999999999E-33,6.989E-33,5.349E-34,0.01,0.0,15.32,23.91,66.81,26.03,3.401,1.42,4.402,3.629,4.879,5.548,0.0,0.0,1.0,0.0,0.0,0.0,0.0,0.0,0.0,0.0,0.0,0.0,1.181,8.126,4.271,1.87,13.32,1.073,0.8229,0.2679,0.5185,0.2424,
0.0,228.5,327.4,571.7,391.4,0.5327,21.5,44.96,36.14,46.58,55.45,0.0,1.988,1.369,12.21,7.871,2.642,6.161,12.65,13.39,18.53,44.26,0.0,1.988,1.369,12.21,7.871,2.642,6.161,12.65,13.39,18.53,44.26,0.0,0.0,0.0,0.0,0.0,0.0,0.0,0.0,0.0,0.0,0.0,0.0,0.0,58.21,6.513,7.021,303.8,2.212,2.449,3.052,2.767,4.003,0.0,2.338E-6,10.67,9.319,110.2,149.3,1.298,0.5788,1.124,0.8307,1.44,0.0,0.0,4.7999999999999994E8,0.0,0.0,0.0,0.0,0.0,0.0,0.0,0.0,0.0,0.0,0.0,0.0,0.0,0.0,0.0,0.0,0.0,0.0,0.0,0.0,0.0,0.0,0.0,0.0,0.0,0.0,0.0,0.0,0.0,0.0,0.0,0.0,1.0E-4,0.0,191000.0,353900.0,39970.0,21090.0,1144000.0,9728.0,11030.0,8973.0,9140.0,11580.0,0.0,1.329E-7,5.5810000000000006E-34,1.452E-33,8.795000000000001E-34,3.405E-34,3.4800000000000002E-34,1.934E-32,1.511E-33,6.988E-33,5.304000000000001E-34,0.01,0.0,15.56,25.88,64.08,26.12,3.311,1.413,4.401,3.628,4.877,5.543,0.0,0.0,0.9767,0.02222,0.00107,0.0,0.0,0.0,0.0,0.0,0.0,0.0,1.195,8.65,3.387,1.706,13.86,1.065,0.8214,0.266,0.5162,0.237,
0.0,228.5,316.2,582.0,392.2,0.7194,21.5,44.96,36.13,46.56,55.46,0.0,1.988,1.219,12.18,7.951,2.74,6.33,13.0,12.98,18.48,44.21,0.0,1.988,1.219,12.18,7.951,2.74,6.33,13.0,12.98,18.48,44.21,0.0,0.0,0.0,0.0,0.0,0.0,0.0,0.0,0.0,0.0,0.0,0.0,0.0,56.64,6.671,7.122,301.7,2.417,2.463,3.076,2.803,4.111,0.0,2.338E-6,9.711,9.494,110.1,149.8,1.433,0.6052,1.154,0.8696,1.527,0.0,0.0,4.7999999999999994E8,0.0,0.0,0.0,0.0,0.0,0.0,0.0,0.0,0.0,0.0,0.0,0.0,0.0,0.0,0.0,0.0,0.0,0.0,0.0,0.0,0.0,0.0,0.0,0.0,0.0,0.0,0.0,0.0,0.0,0.0,0.0,0.0,1.269E-4,0.0,191000.0,329300.0,36220.0,21220.0,1153000.0,10240.0,11530.0,9358.0,9561.0,12130.0,0.0,1.346E-7,5.304000000000001E-34,1.413E-33,8.755E-34,3.562E-34,3.4710000000000002E-34,1.9330000000000002E-32,1.5099999999999999E-33,6.988E-33,5.258E-34,0.01,0.0,15.56,24.61,64.59,26.52,3.66,1.415,4.402,3.628,4.876,5.545,0.0,0.0,0.9791,0.01981,0.001073,0.0,0.0,0.0,0.0,0.0,0.0,0.0,1.195,8.412,3.428,1.73,13.99,1.077,0.8247,0.2673,0.5194,0.2444,
0.0,245.4,323.4,573.9,376.6,0.7193,21.5,44.96,36.13,46.56,55.46,0.0,2.1,1.255,12.03,7.851,2.739,6.164,13.03,13.02,18.53,44.27,0.0,2.1,1.255,12.03,7.851,2.739,6.164,13.03,13.02,18.53,44.27,0.0,0.0,0.0,0.0,0.0,0.0,0.0,0.0,0.0,0.0,0.0,0.0,0.0,56.64,7.667,7.077,301.9,2.414,2.44,3.053,2.781,4.084,0.0,0.00435,9.532,52.17,67.0,149.8,1.433,0.6082,1.155,0.8706,1.527,0.0,0.0,4.7999999999999994E8,0.0,0.0,0.0,0.0,0.0,0.0,0.0,0.0,0.0,0.0,0.0,0.0,0.0,0.0,0.0,0.0,0.0,0.0,0.0,0.0,0.0,0.0,0.0,0.0,0.0,0.0,0.0,0.0,0.0,0.0,0.0,0.0,1.0E-4,0.0,191000.0,319900.0,35460.0,21300.0,1176000.0,10230.0,11980.0,9667.0,9867.0,12390.0,0.0,1.362E-7,5.391E-34,1.338E-33,8.214E-34,3.562E-34,3.461E-34,1.9330000000000002E-32,1.5099999999999999E-33,6.988E-33,5.204E-34,0.01,0.0,16.28,25.25,63.42,25.9,3.659,1.415,4.402,3.628,4.876,5.545,0.0,0.0,0.9791,0.01981,0.001073,0.0,0.0,0.0,0.0,0.0,0.0,0.0,1.238,8.401,3.436,1.701,14.0,1.077,0.8246,0.2673,0.5193,0.2443,
0.0,245.4,321.2,571.8,380.4,0.5478,21.5,45.83,35.25,46.56,55.46,0.0,2.1,1.249,12.01,7.88,2.739,6.164,15.17,10.88,18.53,44.27,0.0,2.1,1.249,12.01,7.88,2.739,6.164,15.17,10.88,18.53,44.27,0.0,0.0,0.0,0.0,0.0,0.0,0.0,0.0,0.0,0.0,0.0,0.0,0.0,56.62,7.606,7.054,299.1,2.387,2.412,3.025,2.752,4.042,0.0,2.511E-6,9.484,9.556,110.1,149.9,1.433,0.6122,1.155,0.872,1.528,0.0,0.0,4.7999999999999994E8,0.0,0.0,0.0,0.0,0.0,0.0,0.0,0.0,0.0,0.0,0.0,0.0,0.0,0.0,0.0,0.0,0.0,0.0,0.0,0.0,0.0,0.0,0.0,0.0,0.0,0.0,0.0,0.0,0.0,0.0,0.0,0.0,1.0E-4,0.0,191000.0,321500.0,34350.0,21660.0,1214000.0,10450.0,12520.0,10050.0,10270.0,12820.0,0.0,1.381E-7,5.375E-34,1.2959999999999999E-33,8.121E-34,3.562E-34,3.452E-34,1.9330000000000002E-32,1.509E-33,6.987E-33,5.144E-34,0.01,0.0,16.28,25.07,63.25,26.26,3.659,1.415,4.489,3.54,4.876,5.545,0.0,0.0,0.9791,0.01981,0.001073,0.0,0.0,0.0,0.0,0.0,0.0,0.0,1.238,8.389,3.434,1.711,13.98,1.076,0.8289,0.2627,0.5191,0.244,
0.0,245.4,321.4,571.3,381.2,0.5387,22.04,45.74,37.58,46.31,52.93,0.0,2.1,1.428,11.75,7.886,2.793,10.04,11.32,15.03,29.33,29.28,0.0,2.1,1.428,11.75,7.886,2.793,10.04,11.32,15.03,29.33,29.28,0.0,0.0,0.0,0.0,0.0,0.0,0.0,0.0,0.0,0.0,0.0,0.0,0.0,56.45,9.033,6.988,297.1,2.361,2.381,2.993,2.718,3.993,0.0,2.511E-6,9.04,10.02,109.9,149.4,1.433,0.6092,1.148,0.8635,1.516,0.0,0.0,4.7999999999999994E8,0.0,0.0,0.0,0.0,0.0,0.0,0.0,0.0,0.0,0.0,0.0,0.0,0.0,0.0,0.0,0.0,0.0,0.0,0.0,0.0,0.0,0.0,0.0,0.0,0.0,0.0,0.0,0.0,0.0,0.0,0.0,0.0,1.291E-4,0.0,191000.0,324400.0,39280.0,20790.0,1185000.0,10550.0,12510.0,9654.0,9976.0,12460.0,0.0,1.4E-7,5.614E-34,1.228E-33,7.981000000000001E-34,3.6660000000000004E-34,3.4730000000000003E-34,1.955E-32,1.524E-33,6.906E-33,3.5090000000000003E-34,0.01,0.0,16.28,25.85,62.08,26.31,3.933,1.469,4.483,3.774,4.857,5.299,0.0,0.0,0.9791,0.01981,0.001073,0.0,0.0,0.0,0.0,0.0,0.0,0.0,1.238,8.357,3.524,1.711,13.92,1.077,0.8357,0.2698,0.5089,0.2352,
0.0,245.4,311.0,581.1,382.5,0.5386,22.15,45.74,39.41,44.42,52.9,0.0,2.1,1.396,11.77,7.887,2.793,10.11,11.31,15.2,29.13,29.26,0.0,2.1,1.396,11.77,7.887,2.793,10.11,11.31,15.2,29.13,29.26,0.0,0.0,0.0,0.0,0.0,0.0,0.0,0.0,0.0,0.0,0.0,0.0,0.0,56.39,9.079,6.975,296.2,2.353,2.381,2.982,2.714,3.986,0.0,2.511E-6,8.738,9.943,109.5,149.4,1.433,0.604,1.147,0.8617,1.516,0.0,0.0,4.7999999999999994E8,0.0,0.0,0.0,0.0,0.0,0.0,0.0,0.0,0.0,0.0,0.0,0.0,0.0,0.0,0.0,0.0,0.0,0.0,0.0,0.0,0.0,0.0,0.0,0.0,0.0,0.0,0.0,0.0,0.0,0.0,0.0,0.0,1.294E-4,0.0,191000.0,332000.0,39030.0,20140.0,1156000.0,10760.0,11970.0,9268.0,9633.0,12250.0,0.0,1.414E-7,5.568E-34,1.199E-33,7.827E-34,3.6660000000000004E-34,3.4820000000000003E-34,1.954E-32,1.5229999999999999E-33,6.902E-33,3.468E-34,0.01,0.0,16.28,24.76,63.1,26.38,3.933,1.476,4.482,3.959,4.669,5.297,0.0,0.0,0.9791,0.01981,0.001073,0.0,0.0,0.0,0.0,0.0,0.0,0.0,1.238,8.329,3.543,1.714,13.91,1.091,0.8344,0.2662,0.5062,0.2313,
0.0,245.4,307.9,582.5,385.0,0.5822,57.91,11.98,36.81,45.27,52.56,0.0,2.1,1.349,11.81,7.91,2.796,12.22,9.195,15.22,28.41,29.95,0.0,2.1,1.349,11.81,7.91,2.796,12.22,9.195,15.22,28.41,29.95,0.0,0.0,0.0,0.0,0.0,0.0,0.0,0.0,0.0,0.0,0.0,0.0,0.0,56.39,9.079,6.975,296.2,2.353,2.381,2.982,2.714,3.986,0.0,2.511E-6,8.605,9.871,109.1,149.4,1.445,0.5918,1.146,0.8616,1.516,0.0,0.0,4.7999999999999994E8,0.0,0.0,0.0,0.0,0.0,0.0,0.0,0.0,0.0,0.0,0.0,0.0,0.0,0.0,0.0,0.0,0.0,0.0,0.0,0.0,0.0,0.0,0.0,0.0,0.0,0.0,0.0,0.0,0.0,0.0,0.0,0.0,1.0E-4,0.0,191000.0,343200.0,39410.0,20110.0,1163000.0,16660.0,6518.0,8864.0,9801.0,12420.0,0.0,1.43E-7,5.558E-34,1.181E-33,7.756E-34,3.876E-34,1.726E-32,3.199E-33,3.499E-34,7.442E-33,3.6440000000000003E-34,0.01,0.0,16.28,24.45,63.25,26.54,3.937,4.984,1.175,3.702,4.751,5.262,0.0,0.0,0.9791,0.01981,0.001073,0.0,0.0,0.0,0.0,0.0,0.0,0.0,1.238,8.288,3.578,1.723,13.91,1.71,0.2203,0.2285,0.5243,0.2412,
0.0,247.8,309.9,576.8,378.2,0.7587,75.31,13.76,36.83,33.61,52.72,0.0,2.147,1.388,11.71,7.886,2.807,12.86,9.31,15.22,31.65,25.99,0.0,2.147,1.388,11.71,7.886,2.807,12.86,9.31,15.22,31.65,25.99,0.0,0.0,0.0,0.0,0.0,0.0,0.0,0.0,0.0,0.0,0.0,0.0,0.0,57.32,9.143,6.975,296.2,2.353,2.381,2.982,2.714,3.986,0.0,2.535E-6,8.652,9.838,108.7,149.4,1.447,0.5921,1.146,0.8574,1.516,0.0,0.0,4.7999999999999994E8,0.0,0.0,0.0,0.0,0.0,0.0,0.0,0.0,0.0,0.0,0.0,0.0,0.0,0.0,0.0,0.0,0.0,0.0,0.0,0.0,0.0,0.0,0.0,0.0,0.0,0.0,0.0,0.0,0.0,0.0,0.0,0.0,1.201E-4,0.0,191000.0,357200.0,40180.0,20460.0,1193000.0,18380.0,6888.0,9024.0,8225.0,12820.0,0.0,1.449E-7,5.925E-34,1.148E-33,7.924E-34,4.7200000000000005E-34,2.1700000000000002E-32,4.102E-33,3.591E-34,1.855E-33,4.398E-34,0.01,0.0,16.52,24.64,62.48,26.67,3.952,6.068,1.35,3.705,3.608,5.278,0.0,0.0,0.9791,0.01981,0.001073,0.0,0.0,0.0,0.0,0.0,0.0,0.0,1.252,8.287,3.553,1.719,13.91,1.889,0.2494,0.2288,0.3392,0.235,
0.0,247.8,300.0,574.8,386.7,1.216,75.31,13.76,36.83,33.61,52.72,0.0,2.147,1.247,11.66,7.955,2.909,12.86,9.31,15.22,31.65,25.99,0.0,2.147,1.247,11.66,7.955,2.909,12.86,9.31,15.22,31.65,25.99,0.0,0.0,0.0,0.0,0.0,0.0,0.0,0.0,0.0,0.0,0.0,0.0,0.0,55.17,11.1,6.932,294.5,2.315,2.375,2.955,2.701,3.956,0.0,2.535E-6,8.236,9.824,108.4,149.9,1.449,0.5925,1.146,0.8573,1.516,0.0,0.0,4.7999999999999994E8,0.0,0.0,0.0,0.0,0.0,0.0,0.0,0.0,0.0,0.0,0.0,0.0,0.0,0.0,0.0,0.0,0.0,0.0,0.0,0.0,0.0,0.0,0.0,0.0,0.0,0.0,0.0,0.0,0.0,0.0,0.0,0.0,1.187E-4,0.0,191000.0,371800.0,41020.0,20990.0,1229000.0,19040.0,7111.0,9312.0,8465.0,13340.0,0.0,1.465E-7,5.724E-34,1.119E-33,7.876E-34,4.838E-34,2.1700000000000002E-32,4.101E-33,3.5810000000000003E-34,1.849E-33,4.355E-34,0.01,0.0,16.52,23.43,62.23,27.44,4.363,6.068,1.35,3.705,3.608,5.278,0.0,0.0,0.9791,0.01981,0.001073,0.0,0.0,0.0,0.0,0.0,0.0,0.0,1.252,8.121,3.593,1.754,14.0,1.886,0.2487,0.2287,0.3391,0.2349,
0.0,247.8,300.2,580.0,387.6,1.228,68.48,13.35,37.84,31.23,52.07,0.0,2.147,1.311,12.14,7.909,2.909,12.48,8.749,14.7,32.87,25.7,0.0,2.147,1.311,12.14,7.909,2.909,12.48,8.749,14.7,32.87,25.7,0.0,0.0,0.0,0.0,0.0,0.0,0.0,0.0,0.0,0.0,0.0,0.0,0.0,55.17,12.09,6.886,292.7,2.312,2.352,2.933,2.679,3.929,0.0,2.535E-6,8.35,9.547,108.4,149.9,1.454,0.5934,1.146,0.8575,1.516,0.0,0.0,4.7999999999999994E8,0.0,0.0,0.0,0.0,0.0,0.0,0.0,0.0,0.0,0.0,0.0,0.0,0.0,0.0,0.0,0.0,0.0,0.0,0.0,0.0,0.0,0.0,0.0,0.0,0.0,0.0,0.0,0.0,0.0,0.0,0.0,0.0,1.247E-4,0.0,191000.0,371700.0,39480.0,20940.0,1241000.0,19310.0,7291.0,9514.0,8603.0,13480.0,0.0,1.479E-7,5.654E-34,1.084E-33,7.859000000000001E-34,4.838E-34,2.1700000000000002E-32,4.122E-33,3.24E-34,1.842E-33,4.425000000000001E-34,0.01,0.0,16.52,23.21,62.04,27.87,4.363,5.844,1.329,3.81,3.472,5.247,0.0,0.0,0.9791,0.01981,0.001073,0.0,0.0,0.0,0.0,0.0,0.0,0.0,1.252,8.12,3.561,1.748,13.99,1.913,0.2545,0.2312,0.3373,0.2354,
0.0,247.8,300.3,579.2,388.7,1.241,69.28,12.48,37.85,31.24,52.08,0.0,2.147,1.312,12.12,7.928,2.91,12.53,8.695,14.7,32.87,25.7,0.0,2.147,1.312,12.12,7.928,2.91,12.53,8.695,14.7,32.87,25.7,0.0,0.0,0.0,0.0,0.0,0.0,0.0,0.0,0.0,0.0,0.0,0.0,0.0,55.17,12.09,6.886,292.7,2.312,2.352,2.933,2.679,3.929,0.0,2.535E-6,8.283,9.326,108.3,149.9,1.462,0.5942,1.146,0.8575,1.516,0.0,0.0,4.7999999999999994E8,0.0,0.0,0.0,0.0,0.0,0.0,0.0,0.0,0.0,0.0,0.0,0.0,0.0,0.0,0.0,0.0,0.0,0.0,0.0,0.0,0.0,0.0,0.0,0.0,0.0,0.0,0.0,0.0,0.0,0.0,0.0,0.0,1.283E-4,0.0,191000.0,353600.0,38140.0,20790.0,1246000.0,19360.0,7306.0,9708.0,8689.0,13490.0,0.0,1.495E-7,5.677E-34,1.06E-33,7.779E-34,4.904000000000001E-34,2.208E-32,3.709E-33,3.231E-34,1.8409999999999998E-33,4.431E-34,0.01,0.0,16.52,23.21,61.92,27.99,4.365,5.924,1.244,3.81,3.474,5.248,0.0,0.0,0.9791,0.01981,0.001073,0.0,0.0,0.0,0.0,0.0,0.0,0.0,1.252,8.118,3.557,1.753,13.99,1.921,0.2386,0.2312,0.3374,0.2355,
